category,revenue,order_count,avg_order_value
Electronics,1035393.32,625,1656.629312
Home & Kitchen,51744.9,382,135.45785340314137
Clothing,33160.66,395,83.95103797468356
Books,15465.96,184,84.0541304347826
Sports,12674.46,206,61.52650485436893
Beauty,8154.44,208,39.20403846153846
